channel,timestamp,cleaned_text,tokens
MerttEka,2025-06-19 13:50:44+00:00,Su Tai Electric Touch Stove Ceramic Stove 3500Watt3500Watt ፍሳሽ የማያስገባ ፈጣን ሃይል ያለው Timer እና Lock የተገጠመለት ለማንኛውም ድስት የሚሆን 9000 ብር AA Delivery 100 ብር ብቻ መኪና ማቆሚያ ከተቸገሩ ይደውሉልን እናቀብልዎታለን 0944222324 ordermertteka1 0904944848 ordermertteka2 ሞባይል ባንኪንግ እንጠቀማለን አድራሻችን መገናኛ ዘፍመሽ ግራንድ ሞል 3ኛ ፎቅ ከሊፍት ሲወርዱ ወደ ቀኝ ታጥፈው ቀጥታ 376 TikTok tiktokcommirtteka Telegram tmeMerttEka ለወዳጆችዎ forward ያድርጉ,Su Tai Electric Touch Stove Ceramic Stove 3500Watt3500Watt ፍሳሽ የማያስገባ ፈጣን ሃይል ያለው Timer እና Lock የተገጠመለት ለማንኛውም ድስት የሚሆን 9000 ብር AA Delivery 100 ብር ብቻ መኪና ማቆሚያ ከተቸገሩ ይደውሉልን እናቀብልዎታለን 0944222324 ordermertteka1 0904944848 ordermertteka2 ሞባይል ባንኪንግ እንጠቀማለን አድራሻችን መገናኛ ዘፍመሽ ግራንድ ሞል 3ኛ ፎቅ ከሊፍት ሲወርዱ ወደ ቀኝ ታጥፈው ቀጥታ 376 TikTok tiktokcommirtteka Telegram tmeMerttEka ለወዳጆችዎ forward ያድርጉ
MerttEka,2025-06-19 07:24:08+00:00,Pregnant Toilet Chair TikTok tiktokcommirtteka Telegram tmeMerttEka ለወዳጆችዎ forward ያድርጉ,Pregnant Toilet Chair TikTok tiktokcommirtteka Telegram tmeMerttEka ለወዳጆችዎ forward ያድርጉ
MerttEka,2025-06-19 07:21:49+00:00,Pregnant Toilet Chair የእርጉዞችና በቀላሉ ተቀምጠው መፀዳዳት ለሚከብዳቸው ሰዎች የሚሆን ለማንኛውም ተርኪሽ መቀመጫ የሚሆን ከጠንካራ ብረት የተሰራ መቀመጫው ጠንካራ ማይካ የሆነ በቀላሉ የሚታጠፍና የሚዘረጋ አስፈላጊ ዕቃ 3500 ብር AA Delivery 100 ብር ብቻ መኪና ማቆሚያ ከተቸገሩ ይደውሉልን እናቀብልዎታለን 0944222324 ordermertteka1 0904944848 ordermertteka2 ሞባይል ባንኪንግ እንጠቀማለን አድራሻችን መገናኛ ዘፍመሽ ግራንድ ሞል 3ኛ ፎቅ ከሊፍት ሲወርዱ ወደ ቀኝ ታጥፈው ቀጥታ 376 TikTok tiktokcommirtteka Telegram tmeMerttEka ለወዳጆችዎ forward ያድርጉ,Pregnant Toilet Chair የእርጉዞችና በቀላሉ ተቀምጠው መፀዳዳት ለሚከብዳቸው ሰዎች የሚሆን ለማንኛውም ተርኪሽ መቀመጫ የሚሆን ከጠንካራ ብረት የተሰራ መቀመጫው ጠንካራ ማይካ የሆነ በቀላሉ የሚታጠፍና የሚዘረጋ አስፈላጊ ዕቃ 3500 ብር AA Delivery 100 ብር ብቻ መኪና ማቆሚያ ከተቸገሩ ይደውሉልን እናቀብልዎታለን 0944222324 ordermertteka1 0904944848 ordermertteka2 ሞባይል ባንኪንግ እንጠቀማለን አድራሻችን መገናኛ ዘፍመሽ ግራንድ ሞል 3ኛ ፎቅ ከሊፍት ሲወርዱ ወደ ቀኝ ታጥፈው ቀጥታ 376 TikTok tiktokcommirtteka Telegram tmeMerttEka ለወዳጆችዎ forward ያድርጉ
MerttEka,2025-06-18 15:26:44+00:00,Acrylic Mirror Sticker TikTok tiktokcommirtteka Telegram tmeMerttEka ለወዳጆችዎ forward ያድርጉ,Acrylic Mirror Sticker TikTok tiktokcommirtteka Telegram tmeMerttEka ለወዳጆችዎ forward ያድርጉ
MerttEka,2025-06-18 15:25:54+00:00,Acrylic Mirror Sticker የስቲከር መስታወት ቢወድቅ የማይሰበር የራሱ መለጠፊያ ያለው ሴራሚክ ላይ፣ ጂፕሰም ቻክ ላይ፣ እንጨት ላይ በቀላሉ የሚለጠፍ 40ሣሜ ስፋት በ60 ሣሜ ቁመት ሞላላ ቅርፅ ያለው ማራኪ 1200 ብር AA Delivery 100 ብር ብቻ መኪና ማቆሚያ ከተቸገሩ ይደውሉልን እናቀብልዎታለን 0944222324 ordermertteka1 0904944848 ordermertteka2 ሞባይል ባንኪንግ እንጠቀማለን አድራሻችን መገናኛ ዘፍመሽ ግራንድ ሞል 3ኛ ፎቅ ከሊፍት ሲወርዱ ወደ ቀኝ ታጥፈው ቀጥታ 376 TikTok tiktokcommirtteka Telegram tmeMerttEka ለወዳጆችዎ forward ያድርጉ,Acrylic Mirror Sticker የስቲከር መስታወት ቢወድቅ የማይሰበር የራሱ መለጠፊያ ያለው ሴራሚክ ላይ፣ ጂፕሰም ቻክ ላይ፣ እንጨት ላይ በቀላሉ የሚለጠፍ 40ሣሜ ስፋት በ60 ሣሜ ቁመት ሞላላ ቅርፅ ያለው ማራኪ 1200 ብር AA Delivery 100 ብር ብቻ መኪና ማቆሚያ ከተቸገሩ ይደውሉልን እናቀብልዎታለን 0944222324 ordermertteka1 0904944848 ordermertteka2 ሞባይል ባንኪንግ እንጠቀማለን አድራሻችን መገናኛ ዘፍመሽ ግራንድ ሞል 3ኛ ፎቅ ከሊፍት ሲወርዱ ወደ ቀኝ ታጥፈው ቀጥታ 376 TikTok tiktokcommirtteka Telegram tmeMerttEka ለወዳጆችዎ forward ያድርጉ
MerttEka,2025-06-18 12:33:36+00:00,Tempered Glass Bakeware TikTok tiktokcommirtteka Telegram tmeMerttEka ለወዳጆችዎ forward ያድርጉ,Tempered Glass Bakeware TikTok tiktokcommirtteka Telegram tmeMerttEka ለወዳጆችዎ forward ያድርጉ
MerttEka,2025-06-18 12:28:06+00:00,Tempered Glass Bakeware እስከ 400c የሚደርስ ከፍተኛ ሙቀት የሚቋቋሙ የመስታወት ፓትራዎች እስከ 16c የሚደርስ ቅዝቂዜን የሚቋቋሙ ፓትራዎች ኦቭን ውስጥ ያበስሉበታል ከፈለጉም ያቀርቡበታል 3 የተለያየ መጠን ፓትራዎች 31L ሊትር 25 ሊትር እና 18ሊትር የመያዝ አቅም አላቸው ለኬክ፣ ላዛኛ፣ ፓስታ ፎርኖ ወዘተ ምግብ ዝግጅት የሚመረጥ 3ቱንም 3800 ብር AA Delivery 100 ብር ብቻ መኪና ማቆሚያ ከተቸገሩ ይደውሉልን እናቀብልዎታለን 0944222324 ordermertteka1 0904944848 ordermertteka2 ሞባይል ባንኪንግ እንጠቀማለን አድራሻችን መገናኛ ዘፍመሽ ግራንድ ሞል 3ኛ ፎቅ ከሊፍት ሲወርዱ ወደ ቀኝ ታጥፈው ቀጥታ 376 TikTok tiktokcommirtteka Telegram tmeMerttEka ለወዳጆችዎ forward ያድርጉ,Tempered Glass Bakeware እስከ 400c የሚደርስ ከፍተኛ ሙቀት የሚቋቋሙ የመስታወት ፓትራዎች እስከ 16c የሚደርስ ቅዝቂዜን የሚቋቋሙ ፓትራዎች ኦቭን ውስጥ ያበስሉበታል ከፈለጉም ያቀርቡበታል 3 የተለያየ መጠን ፓትራዎች 31L ሊትር 25 ሊትር እና 18ሊትር የመያዝ አቅም አላቸው ለኬክ፣ ላዛኛ፣ ፓስታ ፎርኖ ወዘተ ምግብ ዝግጅት የሚመረጥ 3ቱንም 3800 ብር AA Delivery 100 ብር ብቻ መኪና ማቆሚያ ከተቸገሩ ይደውሉልን እናቀብልዎታለን 0944222324 ordermertteka1 0904944848 ordermertteka2 ሞባይል ባንኪንግ እንጠቀማለን አድራሻችን መገናኛ ዘፍመሽ ግራንድ ሞል 3ኛ ፎቅ ከሊፍት ሲወርዱ ወደ ቀኝ ታጥፈው ቀጥታ 376 TikTok tiktokcommirtteka Telegram tmeMerttEka ለወዳጆችዎ forward ያድርጉ
MerttEka,2025-06-18 09:43:24+00:00,Sport High quality Water bottle የስፖርተኞች የውሃ ኮዳ 15 ሊትር ውሃ የሚይዝ የውሃ ጥምዎን የሚቆርጥ ስትሮ ያለው ከBPA ነፃ 1000 ብር AA Delivery 100 ብር ብቻ መኪና ማቆሚያ ከተቸገሩ ይደውሉልን እናቀብልዎታለን 0944222324 ordermertteka1 0904944848 ordermertteka2 ሞባይል ባንኪንግ እንጠቀማለን አድራሻችን መገናኛ ዘፍመሽ ግራንድ ሞል 3ኛ ፎቅ ከሊፍት ሲወርዱ ወደ ቀኝ ታጥፈው ቀጥታ 376 TikTok tiktokcommirtteka Telegram tmeMerttEka ለወዳጆችዎ forward ያድርጉ,Sport High quality Water bottle የስፖርተኞች የውሃ ኮዳ 15 ሊትር ውሃ የሚይዝ የውሃ ጥምዎን የሚቆርጥ ስትሮ ያለው ከBPA ነፃ 1000 ብር AA Delivery 100 ብር ብቻ መኪና ማቆሚያ ከተቸገሩ ይደውሉልን እናቀብልዎታለን 0944222324 ordermertteka1 0904944848 ordermertteka2 ሞባይል ባንኪንግ እንጠቀማለን አድራሻችን መገናኛ ዘፍመሽ ግራንድ ሞል 3ኛ ፎቅ ከሊፍት ሲወርዱ ወደ ቀኝ ታጥፈው ቀጥታ 376 TikTok tiktokcommirtteka Telegram tmeMerttEka ለወዳጆችዎ forward ያድርጉ
MerttEka,2025-06-18 05:52:34+00:00,Enjera and Bread Serving Tonges የእንጀራና ዳቦ ማንሺያ መቆንጠጫ ከፍተኛ ጥራት፣ ማራኪ ዲዛይንና ለየት ያለ እርስዎን የሚመጥን በሲልቨር 1000 ብር በጎልደን 900 ብር AA Delivery 100 ብር ብቻ መኪና ማቆሚያ ከተቸገሩ ይደውሉልን እናቀብልዎታለን 0944222324 ordermertteka1 0904944848 ordermertteka2 ሞባይል ባንኪንግ እንጠቀማለን አድራሻችን መገናኛ ዘፍመሽ ግራንድ ሞል 3ኛ ፎቅ ከሊፍት ሲወርዱ ወደ ቀኝ ታጥፈው ቀጥታ 376 TikTok tiktokcommirtteka Telegram tmeMerttEka ለወዳጆችዎ forward ያድርጉ,Enjera and Bread Serving Tonges የእንጀራና ዳቦ ማንሺያ መቆንጠጫ ከፍተኛ ጥራት፣ ማራኪ ዲዛይንና ለየት ያለ እርስዎን የሚመጥን በሲልቨር 1000 ብር በጎልደን 900 ብር AA Delivery 100 ብር ብቻ መኪና ማቆሚያ ከተቸገሩ ይደውሉልን እናቀብልዎታለን 0944222324 ordermertteka1 0904944848 ordermertteka2 ሞባይል ባንኪንግ እንጠቀማለን አድራሻችን መገናኛ ዘፍመሽ ግራንድ ሞል 3ኛ ፎቅ ከሊፍት ሲወርዱ ወደ ቀኝ ታጥፈው ቀጥታ 376 TikTok tiktokcommirtteka Telegram tmeMerttEka ለወዳጆችዎ forward ያድርጉ
MerttEka,2025-06-18 04:12:53+00:00,BAMBOO PALLET SERVING TRAY ከፍተኛ ጥራት ያላቸው ባለ 3 ከቀርቀሃ የተሰሩ ሰርቪሶች ማራኪ ውበትና አጨራረስ በ3 አይነት ቅርፅ የቀረበ የመረጡትን ቅርፅ 3600 ብር AA Delivery 100 ብር ብቻ መኪና ማቆሚያ ከተቸገሩ ይደውሉልን እናቀብልዎታለን 0944222324 ordermertteka1 0904944848 ordermertteka2 ሞባይል ባንኪንግ እንጠቀማለን አድራሻችን መገናኛ ዘፍመሽ ግራንድ ሞል 3ኛ ፎቅ ከሊፍት ሲወርዱ ወደ ቀኝ ታጥፈው ቀጥታ 376 TikTok tiktokcommirtteka Telegram tmeMerttEka ለወዳጆችዎ forward ያድርጉ,BAMBOO PALLET SERVING TRAY ከፍተኛ ጥራት ያላቸው ባለ 3 ከቀርቀሃ የተሰሩ ሰርቪሶች ማራኪ ውበትና አጨራረስ በ3 አይነት ቅርፅ የቀረበ የመረጡትን ቅርፅ 3600 ብር AA Delivery 100 ብር ብቻ መኪና ማቆሚያ ከተቸገሩ ይደውሉልን እናቀብልዎታለን 0944222324 ordermertteka1 0904944848 ordermertteka2 ሞባይል ባንኪንግ እንጠቀማለን አድራሻችን መገናኛ ዘፍመሽ ግራንድ ሞል 3ኛ ፎቅ ከሊፍት ሲወርዱ ወደ ቀኝ ታጥፈው ቀጥታ 376 TikTok tiktokcommirtteka Telegram tmeMerttEka ለወዳጆችዎ forward ያድርጉ
MerttEka,2025-06-17 14:48:17+00:00,Car Aromatherapy Solar Vortex TikTok tiktokcommirtteka Telegram tmeMerttEka ለወዳጆችዎ forward ያድርጉ,Car Aromatherapy Solar Vortex TikTok tiktokcommirtteka Telegram tmeMerttEka ለወዳጆችዎ forward ያድርጉ
MerttEka,2025-06-17 14:31:07+00:00,Car Aromatherapy Solar Vortex የመኪና መዓዛ በፀሃይ ብርሃን ስለሚሰራ ቻርጅ ማድረግ አይፈልግም ሁለት የተለያዩ መዓዛ ያላቸው ዘይቶች አሉት ለብዙ ጊዜ የሚገለገሉበት 900 ብር AA Delivery 100 ብር ብቻ መኪና ማቆሚያ ከተቸገሩ ይደውሉልን እናቀብልዎታለን 0944222324 ordermertteka1 0904944848 ordermertteka2 ሞባይል ባንኪንግ እንጠቀማለን አድራሻችን መገናኛ ዘፍመሽ ግራንድ ሞል 3ኛ ፎቅ ከሊፍት ሲወርዱ ወደ ቀኝ ታጥፈው ቀጥታ 376 TikTok tiktokcommirtteka Telegram tmeMerttEka ለወዳጆችዎ forward ያድርጉ,Car Aromatherapy Solar Vortex የመኪና መዓዛ በፀሃይ ብርሃን ስለሚሰራ ቻርጅ ማድረግ አይፈልግም ሁለት የተለያዩ መዓዛ ያላቸው ዘይቶች አሉት ለብዙ ጊዜ የሚገለገሉበት 900 ብር AA Delivery 100 ብር ብቻ መኪና ማቆሚያ ከተቸገሩ ይደውሉልን እናቀብልዎታለን 0944222324 ordermertteka1 0904944848 ordermertteka2 ሞባይል ባንኪንግ እንጠቀማለን አድራሻችን መገናኛ ዘፍመሽ ግራንድ ሞል 3ኛ ፎቅ ከሊፍት ሲወርዱ ወደ ቀኝ ታጥፈው ቀጥታ 376 TikTok tiktokcommirtteka Telegram tmeMerttEka ለወዳጆችዎ forward ያድርጉ
MerttEka,2025-06-17 11:17:47+00:00,Howans Sandwich Maker GrillBread Toaster የሳንዱች እና የዳቦ መጥበሻ የማይዝ grill በሁለቱም በኩል ሙቀት የሚሰጥ 750 watt 2900 AA Delivery 100 ብር ብቻ መኪና ማቆሚያ ከተቸገሩ ይደውሉልን እናቀብልዎታለን 0944222324 ordermertteka1 0904944848 ordermertteka2 ሞባይል ባንኪንግ እንጠቀማለን አድራሻችን መገናኛ ዘፍመሽ ግራንድ ሞል 3ኛ ፎቅ ከሊፍት ሲወርዱ ወደ ቀኝ ታጥፈው ቀጥታ 376 TikTok tiktokcommirtteka Telegram tmeMerttEka ለወዳጆችዎ forward ያድርጉ,Howans Sandwich Maker GrillBread Toaster የሳንዱች እና የዳቦ መጥበሻ የማይዝ grill በሁለቱም በኩል ሙቀት የሚሰጥ 750 watt 2900 AA Delivery 100 ብር ብቻ መኪና ማቆሚያ ከተቸገሩ ይደውሉልን እናቀብልዎታለን 0944222324 ordermertteka1 0904944848 ordermertteka2 ሞባይል ባንኪንግ እንጠቀማለን አድራሻችን መገናኛ ዘፍመሽ ግራንድ ሞል 3ኛ ፎቅ ከሊፍት ሲወርዱ ወደ ቀኝ ታጥፈው ቀጥታ 376 TikTok tiktokcommirtteka Telegram tmeMerttEka ለወዳጆችዎ forward ያድርጉ
MerttEka,2025-06-17 06:33:48+00:00,dish drying rack with a drying mat TikTok tiktokcommirtteka Telegram tmeMerttEka ለወዳጆችዎ forward ያድርጉ,dish drying rack with a drying mat TikTok tiktokcommirtteka Telegram tmeMerttEka ለወዳጆችዎ forward ያድርጉ
MerttEka,2025-06-17 05:42:52+00:00,dish drying rack with a drying mat የታጠቡ የወጥ ቤት ዕቃዎች ማድረቂያ ሰሀኖችን፣ ብርጭቆ እና የ kitchen እቃዎችን ለመደርደር ምቹ የማይንሸራተትና በቀላሉ ለማፅዳት ምቹ 9 ሰሀን እና እንደ ብርጭቆው መጠን እስከ 13 ብርጭቆ የሚይዝ መደርደሪያ ያለው እንጥፍጣፊ ውሀን በደንብ መምጠጥ የሚችል ቦታ የማይዝ እና በቀላሉ ተጣጣፊ 1600 AA Delivery 100 ብር ብቻ መኪና ማቆሚያ ከተቸገሩ ይደውሉልን እናቀብልዎታለን 0944222324 ordermertteka1 0904944848 ordermertteka2 ሞባይል ባንኪንግ እንጠቀማለን አድራሻችን መገናኛ ዘፍመሽ ግራንድ ሞል 3ኛ ፎቅ ከሊፍት ሲወርዱ ወደ ቀኝ ታጥፈው ቀጥታ 376 TikTok tiktokcommirtteka Telegram tmeMerttEka ለወዳጆችዎ forward ያድርጉ,dish drying rack with a drying mat የታጠቡ የወጥ ቤት ዕቃዎች ማድረቂያ ሰሀኖችን፣ ብርጭቆ እና የ kitchen እቃዎችን ለመደርደር ምቹ የማይንሸራተትና በቀላሉ ለማፅዳት ምቹ 9 ሰሀን እና እንደ ብርጭቆው መጠን እስከ 13 ብርጭቆ የሚይዝ መደርደሪያ ያለው እንጥፍጣፊ ውሀን በደንብ መምጠጥ የሚችል ቦታ የማይዝ እና በቀላሉ ተጣጣፊ 1600 AA Delivery 100 ብር ብቻ መኪና ማቆሚያ ከተቸገሩ ይደውሉልን እናቀብልዎታለን 0944222324 ordermertteka1 0904944848 ordermertteka2 ሞባይል ባንኪንግ እንጠቀማለን አድራሻችን መገናኛ ዘፍመሽ ግራንድ ሞል 3ኛ ፎቅ ከሊፍት ሲወርዱ ወደ ቀኝ ታጥፈው ቀጥታ 376 TikTok tiktokcommirtteka Telegram tmeMerttEka ለወዳጆችዎ forward ያድርጉ
MerttEka,2025-06-16 12:31:07+00:00,Dry Iron ደረቅ ካውያ ማንኛውንም ልብስ የሚተኩሱበት 6 ዓይነት የሙቀት መጠን ያለው የማይዝ ምጣድ ለደረቅ ተኩስ የሚፈለግ ሙቀት መጨመሪያ እና መቀነሻ ያለው 1000 watt ሃይል የሚጠቀም ኦሪጅናል ዕቃ 1900 ብር AA Delivery 100 ብር ብቻ መኪና ማቆሚያ ከተቸገሩ ይደውሉልን እናቀብልዎታለን 0944222324 ordermertteka1 0904944848 ordermertteka2 ሞባይል ባንኪንግ እንጠቀማለን አድራሻችን መገናኛ ዘፍመሽ ግራንድ ሞል 3ኛ ፎቅ ከሊፍት ሲወርዱ ወደ ቀኝ ታጥፈው ቀጥታ 376 TikTok tiktokcommirtteka Telegram tmeMerttEka ለወዳጆችዎ forward ያድርጉ,Dry Iron ደረቅ ካውያ ማንኛውንም ልብስ የሚተኩሱበት 6 ዓይነት የሙቀት መጠን ያለው የማይዝ ምጣድ ለደረቅ ተኩስ የሚፈለግ ሙቀት መጨመሪያ እና መቀነሻ ያለው 1000 watt ሃይል የሚጠቀም ኦሪጅናል ዕቃ 1900 ብር AA Delivery 100 ብር ብቻ መኪና ማቆሚያ ከተቸገሩ ይደውሉልን እናቀብልዎታለን 0944222324 ordermertteka1 0904944848 ordermertteka2 ሞባይል ባንኪንግ እንጠቀማለን አድራሻችን መገናኛ ዘፍመሽ ግራንድ ሞል 3ኛ ፎቅ ከሊፍት ሲወርዱ ወደ ቀኝ ታጥፈው ቀጥታ 376 TikTok tiktokcommirtteka Telegram tmeMerttEka ለወዳጆችዎ forward ያድርጉ
MerttEka,2025-06-16 09:46:02+00:00,Jubake hand mixer 100 ኦሪጅናል ዕቃ የዕንቁላልና ክሬም መቀላቀያ የኬክ ሊጥም ያቦካል ሁለት አይነት መለዋወጫ ያለው ባለ 7 የፍጥነት ደረጃ 350 Watt ገልበት አለው 2100 AA Delivery 100 ብር ብቻ መኪና ማቆሚያ ከተቸገሩ ይደውሉልን እናቀብልዎታለን 0944222324 ordermertteka1 0904944848 ordermertteka2 ሞባይል ባንኪንግ እንጠቀማለን አድራሻችን መገናኛ ዘፍመሽ ግራንድ ሞል 3ኛ ፎቅ ከሊፍት ሲወርዱ ወደ ቀኝ ታጥፈው ቀጥታ 376 TikTok tiktokcommirtteka Telegram tmeMerttEka ለወዳጆችዎ forward ያድርጉ,Jubake hand mixer 100 ኦሪጅናል ዕቃ የዕንቁላልና ክሬም መቀላቀያ የኬክ ሊጥም ያቦካል ሁለት አይነት መለዋወጫ ያለው ባለ 7 የፍጥነት ደረጃ 350 Watt ገልበት አለው 2100 AA Delivery 100 ብር ብቻ መኪና ማቆሚያ ከተቸገሩ ይደውሉልን እናቀብልዎታለን 0944222324 ordermertteka1 0904944848 ordermertteka2 ሞባይል ባንኪንግ እንጠቀማለን አድራሻችን መገናኛ ዘፍመሽ ግራንድ ሞል 3ኛ ፎቅ ከሊፍት ሲወርዱ ወደ ቀኝ ታጥፈው ቀጥታ 376 TikTok tiktokcommirtteka Telegram tmeMerttEka ለወዳጆችዎ forward ያድርጉ
MerttEka,2025-06-16 07:09:06+00:00,Silicone spatula ከፍተኛ ሙቀት የሚቋቋሙ ወጥ የሆነ የማይነቀል እጄታ 700 ብር AA Delivery 100 ብር ብቻ መኪና ማቆሚያ ከተቸገሩ ይደውሉልን እናቀብልዎታለን 0944222324 ordermertteka1 0904944848 ordermertteka2 ሞባይል ባንኪንግ እንጠቀማለን አድራሻችን መገናኛ ዘፍመሽ ግራንድ ሞል 3ኛ ፎቅ ከሊፍት ሲወርዱ ወደ ቀኝ ታጥፈው ቀጥታ 376 TikTok tiktokcommirtteka Telegram tmeMerttEka ለወዳጆችዎ forward ያድርጉ,Silicone spatula ከፍተኛ ሙቀት የሚቋቋሙ ወጥ የሆነ የማይነቀል እጄታ 700 ብር AA Delivery 100 ብር ብቻ መኪና ማቆሚያ ከተቸገሩ ይደውሉልን እናቀብልዎታለን 0944222324 ordermertteka1 0904944848 ordermertteka2 ሞባይል ባንኪንግ እንጠቀማለን አድራሻችን መገናኛ ዘፍመሽ ግራንድ ሞል 3ኛ ፎቅ ከሊፍት ሲወርዱ ወደ ቀኝ ታጥፈው ቀጥታ 376 TikTok tiktokcommirtteka Telegram tmeMerttEka ለወዳጆችዎ forward ያድርጉ
MerttEka,2025-06-15 12:04:36+00:00,Wing shape golden spoon and fork set ወርቃማ golden color ሹካ እና ማንኪያ 6 ፍሬ የሚይዝ set ለኬክ መብሊያና ለቡናና ሻይ ማማሰያ በሚያምር design 6ቱን ማንኪያ 1100 ብር 6ቱን ሹካ 1100 ብር AA Delivery 100 ብር ብቻ መኪና ማቆሚያ ከተቸገሩ ይደውሉልን እናቀብልዎታለን 0944222324 ordermertteka1 0904944848 ordermertteka2 ሞባይል ባንኪንግ እንጠቀማለን አድራሻችን መገናኛ ዘፍመሽ ግራንድ ሞል 3ኛ ፎቅ ከሊፍት ሲወርዱ ወደ ቀኝ ታጥፈው ቀጥታ 376 TikTok tiktokcommirtteka Telegram tmeMerttEka ለወዳጆችዎ forward ያድርጉ,Wing shape golden spoon and fork set ወርቃማ golden color ሹካ እና ማንኪያ 6 ፍሬ የሚይዝ set ለኬክ መብሊያና ለቡናና ሻይ ማማሰያ በሚያምር design 6ቱን ማንኪያ 1100 ብር 6ቱን ሹካ 1100 ብር AA Delivery 100 ብር ብቻ መኪና ማቆሚያ ከተቸገሩ ይደውሉልን እናቀብልዎታለን 0944222324 ordermertteka1 0904944848 ordermertteka2 ሞባይል ባንኪንግ እንጠቀማለን አድራሻችን መገናኛ ዘፍመሽ ግራንድ ሞል 3ኛ ፎቅ ከሊፍት ሲወርዱ ወደ ቀኝ ታጥፈው ቀጥታ 376 TikTok tiktokcommirtteka Telegram tmeMerttEka ለወዳጆችዎ forward ያድርጉ
MerttEka,2025-06-14 14:28:53+00:00,Kids flatware spoon fork set የህፃናት ምግብ መመገቢያ ሹካ እና ማንኪያ ህፃናት ሊወዱት በሚችሉት design እና መጠን የተሰሩ 1100 ብር AA Delivery 100 ብር ብቻ መኪና ማቆሚያ ከተቸገሩ ይደውሉልን እናቀብልዎታለን 0944222324 ordermertteka1 0904944848 ordermertteka2 ሞባይል ባንኪንግ እንጠቀማለን አድራሻችን መገናኛ ዘፍመሽ ግራንድ ሞል 3ኛ ፎቅ ከሊፍት ሲወርዱ ወደ ቀኝ ታጥፈው ቀጥታ 376 TikTok tiktokcommirtteka Telegram tmeMerttEka ለወዳጆችዎ forward ያድርጉ,Kids flatware spoon fork set የህፃናት ምግብ መመገቢያ ሹካ እና ማንኪያ ህፃናት ሊወዱት በሚችሉት design እና መጠን የተሰሩ 1100 ብር AA Delivery 100 ብር ብቻ መኪና ማቆሚያ ከተቸገሩ ይደውሉልን እናቀብልዎታለን 0944222324 ordermertteka1 0904944848 ordermertteka2 ሞባይል ባንኪንግ እንጠቀማለን አድራሻችን መገናኛ ዘፍመሽ ግራንድ ሞል 3ኛ ፎቅ ከሊፍት ሲወርዱ ወደ ቀኝ ታጥፈው ቀጥታ 376 TikTok tiktokcommirtteka Telegram tmeMerttEka ለወዳጆችዎ forward ያድርጉ
MerttEka,2025-06-14 11:48:06+00:00,Smart Shower Towel የሻወር ቤት ሽርጥ ፎጣ ከፍተኛ ውሃ የመምጠጥ አቅም አለው የትከሻ ላይ ማንገቻ አለው የተለያየ የቀለም አማራጭ ለወንድና ለሴት የሚሆ አጠቃቀሙ ቀላል 900 ብር AA Delivery 100 ብር ብቻ መኪና ማቆሚያ ከተቸገሩ ይደውሉልን እናቀብልዎታለን 0944222324 ordermertteka1 0904944848 ordermertteka2 ሞባይል ባንኪንግ እንጠቀማለን አድራሻችን መገናኛ ዘፍመሽ ግራንድ ሞል 3ኛ ፎቅ ከሊፍት ሲወርዱ ወደ ቀኝ ታጥፈው ቀጥታ 376 TikTok tiktokcommirtteka Telegram tmeMerttEka ለወዳጆችዎ forward ያድርጉ,Smart Shower Towel የሻወር ቤት ሽርጥ ፎጣ ከፍተኛ ውሃ የመምጠጥ አቅም አለው የትከሻ ላይ ማንገቻ አለው የተለያየ የቀለም አማራጭ ለወንድና ለሴት የሚሆ አጠቃቀሙ ቀላል 900 ብር AA Delivery 100 ብር ብቻ መኪና ማቆሚያ ከተቸገሩ ይደውሉልን እናቀብልዎታለን 0944222324 ordermertteka1 0904944848 ordermertteka2 ሞባይል ባንኪንግ እንጠቀማለን አድራሻችን መገናኛ ዘፍመሽ ግራንድ ሞል 3ኛ ፎቅ ከሊፍት ሲወርዱ ወደ ቀኝ ታጥፈው ቀጥታ 376 TikTok tiktokcommirtteka Telegram tmeMerttEka ለወዳጆችዎ forward ያድርጉ
MerttEka,2025-06-14 08:41:28+00:00,Sonifer juice extractor sf5530 አፕል ፣ብርቱካን፣ማንጎ፣ ፋይበር ያላቸው ሁሉንም ፍራፍሬ የሚፈጭ 400 watt ጉልበት ያለው 500ml የጅስ መቀበያ ጆግ ያለው 1 ሊትር የሚይዝ አሰር መቀበያ ያለው ጆግ Stainless steel ማጣሪያ የተገጠመለት ሞተሩ እንዳይግል መቆጣጠሪያ የተገጠመለት 5600 AA Delivery 100 ብር ብቻ መኪና ማቆሚያ ከተቸገሩ ይደውሉልን እናቀብልዎታለን 0944222324 ordermertteka1 0904944848 ordermertteka2 ሞባይል ባንኪንግ እንጠቀማለን አድራሻችን መገናኛ ዘፍመሽ ግራንድ ሞል 3ኛ ፎቅ ከሊፍት ሲወርዱ ወደ ቀኝ ታጥፈው ቀጥታ 376 TikTok tiktokcommirtteka Telegram tmeMerttEka ለወዳጆችዎ forward ያድርጉ,Sonifer juice extractor sf5530 አፕል ፣ብርቱካን፣ማንጎ፣ ፋይበር ያላቸው ሁሉንም ፍራፍሬ የሚፈጭ 400 watt ጉልበት ያለው 500ml የጅስ መቀበያ ጆግ ያለው 1 ሊትር የሚይዝ አሰር መቀበያ ያለው ጆግ Stainless steel ማጣሪያ የተገጠመለት ሞተሩ እንዳይግል መቆጣጠሪያ የተገጠመለት 5600 AA Delivery 100 ብር ብቻ መኪና ማቆሚያ ከተቸገሩ ይደውሉልን እናቀብልዎታለን 0944222324 ordermertteka1 0904944848 ordermertteka2 ሞባይል ባንኪንግ እንጠቀማለን አድራሻችን መገናኛ ዘፍመሽ ግራንድ ሞል 3ኛ ፎቅ ከሊፍት ሲወርዱ ወደ ቀኝ ታጥፈው ቀጥታ 376 TikTok tiktokcommirtteka Telegram tmeMerttEka ለወዳጆችዎ forward ያድርጉ
MerttEka,2025-06-14 06:42:32+00:00,organizers 9 in 1 Cosmetics Organizer ከቤትዎ ለመዝናናት ወይም ለሌላ ጉዳይ ወጣ ሲሉ የሚጠቀሙባቸውን የመዋቢያና ንፅህና መጠበቂያ ሻምፖ፡ ኮንዲሽነር፣ ሎሺን፣ ቅባት እና ወዘተ ነገሮችን የሚቀንሱበት ከወፍራም ፕላስቲክ የተሰሩ በቀላሉ በቦርሳዎ የሚያዙና ለውበትዎ ጠንቃቃ መሆንዎን የሚያስመሰክሩበት አስፈላጊ ዕቃ 1350 ብር AA Delivery 100 ብር ብቻ መኪና ማቆሚያ ከተቸገሩ ይደውሉልን እናቀብልዎታለን 0944222324 ordermertteka1 0904944848 ordermertteka2 ሞባይል ባንኪንግ እንጠቀማለን አድራሻችን መገናኛ ዘፍመሽ ግራንድ ሞል 3ኛ ፎቅ ከሊፍት ሲወርዱ ወደ ቀኝ ታጥፈው ቀጥታ 376 TikTok tiktokcommirtteka Telegram tmeMerttEka ለወዳጆችዎ forward ያድርጉ ቤተሰብም ይሁኑ።,organizers 9 in 1 Cosmetics Organizer ከቤትዎ ለመዝናናት ወይም ለሌላ ጉዳይ ወጣ ሲሉ የሚጠቀሙባቸውን የመዋቢያና ንፅህና መጠበቂያ ሻምፖ፡ ኮንዲሽነር፣ ሎሺን፣ ቅባት እና ወዘተ ነገሮችን የሚቀንሱበት ከወፍራም ፕላስቲክ የተሰሩ በቀላሉ በቦርሳዎ የሚያዙና ለውበትዎ ጠንቃቃ መሆንዎን የሚያስመሰክሩበት አስፈላጊ ዕቃ 1350 ብር AA Delivery 100 ብር ብቻ መኪና ማቆሚያ ከተቸገሩ ይደውሉልን እናቀብልዎታለን 0944222324 ordermertteka1 0904944848 ordermertteka2 ሞባይል ባንኪንግ እንጠቀማለን አድራሻችን መገናኛ ዘፍመሽ ግራንድ ሞል 3ኛ ፎቅ ከሊፍት ሲወርዱ ወደ ቀኝ ታጥፈው ቀጥታ 376 TikTok tiktokcommirtteka Telegram tmeMerttEka ለወዳጆችዎ forward ያድርጉ ቤተሰብም ይሁኑ።
MerttEka,2025-06-13 15:41:26+00:00,TikTok tiktokcommirtteka Telegram tmeMerttEka ለወዳጆችዎ forward ያድርጉ ቤተሰብም ይሁኑ።,TikTok tiktokcommirtteka Telegram tmeMerttEka ለወዳጆችዎ forward ያድርጉ ቤተሰብም ይሁኑ።
MerttEka,2025-06-13 15:22:28+00:00,Sonifer electric Air pot ለቤት ውስጥና ለተለያዩ ግብዣዎች ሻይና ቡና ለማቅረብ የሚፈለግ በአንድ ግዜ 5 ሊትር ውሃ የሚያፈላ ቦይለርና ዲስፔንሰር 1450 watt ሃይል የሚጠቀም ከማይዝግ ብረት የተሰራ ውስጣዊ ታንክ አለው እንደ ምርጫዎ ውሃውን በ 95C 85C 75C 65C 55C 45C ሙቀት ማፍላት ይችላሉ ከውሃ ውስጥ የክሎሪን ጋዝ በማስወገድ የተጣራ ውሀ ለማፍላት የሚያስችል የራሱ Cooling Fan ያለው ውሃ በፍጥነት የሚያቀዘቅዝ LCD ዲስፕሌ ያለው ሆኖ ህፃናት እንዳይነኩት parental lock የተገጠመለት ለቤት ፣ለቢሮ፣ለካፌ በጣም አስፈላጊና ጥራት ያለው እቃ 9500 ብር AA Delivery 100 ብር ብቻ መኪና ማቆሚያ ከተቸገሩ ይደውሉልን እናቀብልዎታለን 0944222324 ordermertteka1 0904944848 ordermertteka2 ሞባይል ባንኪንግ እንጠቀማለን አድራሻችን መገናኛ ዘፍመሽ ግራንድ ሞል 3ኛ ፎቅ ከሊፍት ሲወርዱ ወደ ቀኝ ታጥፈው ቀጥታ 376 TikTok tiktokcommirtteka Telegram tmeMerttEka ለወዳጆችዎ forward ያድርጉ ቤተሰብም ይሁኑ።,Sonifer electric Air pot ለቤት ውስጥና ለተለያዩ ግብዣዎች ሻይና ቡና ለማቅረብ የሚፈለግ በአንድ ግዜ 5 ሊትር ውሃ የሚያፈላ ቦይለርና ዲስፔንሰር 1450 watt ሃይል የሚጠቀም ከማይዝግ ብረት የተሰራ ውስጣዊ ታንክ አለው እንደ ምርጫዎ ውሃውን በ 95C 85C 75C 65C 55C 45C ሙቀት ማፍላት ይችላሉ ከውሃ ውስጥ የክሎሪን ጋዝ በማስወገድ የተጣራ ውሀ ለማፍላት የሚያስችል የራሱ Cooling Fan ያለው ውሃ በፍጥነት የሚያቀዘቅዝ LCD ዲስፕሌ ያለው ሆኖ ህፃናት እንዳይነኩት parental lock የተገጠመለት ለቤት ፣ለቢሮ፣ለካፌ በጣም አስፈላጊና ጥራት ያለው እቃ 9500 ብር AA Delivery 100 ብር ብቻ መኪና ማቆሚያ ከተቸገሩ ይደውሉልን እናቀብልዎታለን 0944222324 ordermertteka1 0904944848 ordermertteka2 ሞባይል ባንኪንግ እንጠቀማለን አድራሻችን መገናኛ ዘፍመሽ ግራንድ ሞል 3ኛ ፎቅ ከሊፍት ሲወርዱ ወደ ቀኝ ታጥፈው ቀጥታ 376 TikTok tiktokcommirtteka Telegram tmeMerttEka ለወዳጆችዎ forward ያድርጉ ቤተሰብም ይሁኑ።
MerttEka,2025-06-13 12:41:56+00:00,Comfort Breast Pads TikTok tiktokcommirtteka Telegram tmeMerttEka ለወዳጆችዎ forward ያድርጉ ቤተሰብም ይሁኑ።,Comfort Breast Pads TikTok tiktokcommirtteka Telegram tmeMerttEka ለወዳጆችዎ forward ያድርጉ ቤተሰብም ይሁኑ።
MerttEka,2025-06-13 12:31:51+00:00,Comfort Breast Pads የሚያጠቡ እናቶች ከጡታቸው የሚወጣው ወተት ልብሳቸውን እንዳያረጥብ የሚከላከል ፓድ በከፍተኛ ደረጃ ፈሳሽ የሚመጥና ወደ ውጭ የማያሳልፍ ከጡት መያዢያ ስር የሚደረብ 36 ፓዶችን አንድ ላይ የሚይዝ ከ BPA ነፃ የሆነ ለቆዳ ተስማሚ 1100 ብር AA Delivery 100 ብር ብቻ መኪና ማቆሚያ ከተቸገሩ ይደውሉልን እናቀብልዎታለን 0944222324 ordermertteka1 0904944848 ordermertteka2 ሞባይል ባንኪንግ እንጠቀማለን አድራሻችን መገናኛ ዘፍመሽ ግራንድ ሞል 3ኛ ፎቅ ከሊፍት ሲወርዱ ወደ ቀኝ ታጥፈው ቀጥታ 376 TikTok tiktokcommirtteka Telegram tmeMerttEka ለወዳጆችዎ forward ያድርጉ ቤተሰብም ይሁኑ።,Comfort Breast Pads የሚያጠቡ እናቶች ከጡታቸው የሚወጣው ወተት ልብሳቸውን እንዳያረጥብ የሚከላከል ፓድ በከፍተኛ ደረጃ ፈሳሽ የሚመጥና ወደ ውጭ የማያሳልፍ ከጡት መያዢያ ስር የሚደረብ 36 ፓዶችን አንድ ላይ የሚይዝ ከ BPA ነፃ የሆነ ለቆዳ ተስማሚ 1100 ብር AA Delivery 100 ብር ብቻ መኪና ማቆሚያ ከተቸገሩ ይደውሉልን እናቀብልዎታለን 0944222324 ordermertteka1 0904944848 ordermertteka2 ሞባይል ባንኪንግ እንጠቀማለን አድራሻችን መገናኛ ዘፍመሽ ግራንድ ሞል 3ኛ ፎቅ ከሊፍት ሲወርዱ ወደ ቀኝ ታጥፈው ቀጥታ 376 TikTok tiktokcommirtteka Telegram tmeMerttEka ለወዳጆችዎ forward ያድርጉ ቤተሰብም ይሁኑ።
MerttEka,2025-06-13 04:58:19+00:00,Klein Glassware water Set የውሃ መጠጫ ጆግና ብርጭቆ 100 quality 6 ወፍራም መጠጫዎችና አንድ 175ሊትር የሚይዝ ጆግ ለጁስና ለውሃ ማቅረቢያ 2800 ብር AA Delivery 100 ብር ብቻ መኪና ማቆሚያ ከተቸገሩ ይደውሉልን እናቀብልዎታለን 0944222324 ordermertteka1 0904944848 ordermertteka2 ሞባይል ባንኪንግ እንጠቀማለን አድራሻችን መገናኛ ዘፍመሽ ግራንድ ሞል 3ኛ ፎቅ ከሊፍት ሲወርዱ ወደ ቀኝ ታጥፈው ቀጥታ 376 TikTok tiktokcommirtteka Telegram tmeMerttEka ለወዳጆችዎ forward ያድርጉ ቤተሰብም ይሁኑ።,Klein Glassware water Set የውሃ መጠጫ ጆግና ብርጭቆ 100 quality 6 ወፍራም መጠጫዎችና አንድ 175ሊትር የሚይዝ ጆግ ለጁስና ለውሃ ማቅረቢያ 2800 ብር AA Delivery 100 ብር ብቻ መኪና ማቆሚያ ከተቸገሩ ይደውሉልን እናቀብልዎታለን 0944222324 ordermertteka1 0904944848 ordermertteka2 ሞባይል ባንኪንግ እንጠቀማለን አድራሻችን መገናኛ ዘፍመሽ ግራንድ ሞል 3ኛ ፎቅ ከሊፍት ሲወርዱ ወደ ቀኝ ታጥፈው ቀጥታ 376 TikTok tiktokcommirtteka Telegram tmeMerttEka ለወዳጆችዎ forward ያድርጉ ቤተሰብም ይሁኑ።
MerttEka,2025-06-12 15:46:03+00:00,organizers 9 in 1 Cosmetics Organizer ከቤትዎ ለመዝናናት ወይም ለሌላ ጉዳይ ወጣ ሲሉ የሚጠቀሙባቸውን የመዋቢያና ንፅህና መጠበቂያ ሻምፖ፡ ኮንዲሽነር፣ ሎሺን፣ ቅባት እና ወዘተ ነገሮችን የሚቀንሱበት ከወፍራም ፕላስቲክ የተሰሩ በቀላሉ በቦርሳዎ የሚያዙና ለውበትዎ ጠንቃቃ መሆንዎን የሚያስመሰክሩበት አስፈላጊ ዕቃ 1350 ብር AA Delivery 100 ብር ብቻ መኪና ማቆሚያ ከተቸገሩ ይደውሉልን እናቀብልዎታለን 0944222324 ordermertteka1 0904944848 ordermertteka2 ሞባይል ባንኪንግ እንጠቀማለን አድራሻችን መገናኛ ዘፍመሽ ግራንድ ሞል 3ኛ ፎቅ ከሊፍት ሲወርዱ ወደ ቀኝ ታጥፈው ቀጥታ 376 TikTok tiktokcommirtteka Telegram tmeMerttEka ለወዳጆችዎ forward ያድርጉ ቤተሰብም ይሁኑ።,organizers 9 in 1 Cosmetics Organizer ከቤትዎ ለመዝናናት ወይም ለሌላ ጉዳይ ወጣ ሲሉ የሚጠቀሙባቸውን የመዋቢያና ንፅህና መጠበቂያ ሻምፖ፡ ኮንዲሽነር፣ ሎሺን፣ ቅባት እና ወዘተ ነገሮችን የሚቀንሱበት ከወፍራም ፕላስቲክ የተሰሩ በቀላሉ በቦርሳዎ የሚያዙና ለውበትዎ ጠንቃቃ መሆንዎን የሚያስመሰክሩበት አስፈላጊ ዕቃ 1350 ብር AA Delivery 100 ብር ብቻ መኪና ማቆሚያ ከተቸገሩ ይደውሉልን እናቀብልዎታለን 0944222324 ordermertteka1 0904944848 ordermertteka2 ሞባይል ባንኪንግ እንጠቀማለን አድራሻችን መገናኛ ዘፍመሽ ግራንድ ሞል 3ኛ ፎቅ ከሊፍት ሲወርዱ ወደ ቀኝ ታጥፈው ቀጥታ 376 TikTok tiktokcommirtteka Telegram tmeMerttEka ለወዳጆችዎ forward ያድርጉ ቤተሰብም ይሁኑ።
MerttEka,2025-06-12 09:10:36+00:00,Portable Folding Stool ተጣጣፊ ወንበር እስከ 100kg ክብደት የሚሸከም ከመፍራም ፕላስቲክ የተሰራ ቤተ ዕምነት ውስጥ፣ ቤት ውስጥ ፣ ስራ ቦታ እና መዝናኛ ቦታ ይገለገሉበታል 48cm ቁመት ሲኖረው መቀመጫው 22cm28cm ስፋት ያለው ለመያዝና ለማስቀመጥ የሚመች ቅልጥፋ ያለ 1700 ብር AA Delivery 100 ብር ብቻ መኪና ማቆሚያ ከተቸገሩ ይደውሉልን እናቀብልዎታለን 0944222324 ordermertteka1 0904944848 ordermertteka2 ሞባይል ባንኪንግ እንጠቀማለን አድራሻችን መገናኛ ዘፍመሽ ግራንድ ሞል 3ኛ ፎቅ ከሊፍት ሲወርዱ ወደ ቀኝ ታጥፈው ቀጥታ 376 TikTok tiktokcommirtteka Telegram tmeMerttEka ለወዳጆችዎ forward ያድርጉ ቤተሰብም ይሁኑ።,Portable Folding Stool ተጣጣፊ ወንበር እስከ 100kg ክብደት የሚሸከም ከመፍራም ፕላስቲክ የተሰራ ቤተ ዕምነት ውስጥ፣ ቤት ውስጥ ፣ ስራ ቦታ እና መዝናኛ ቦታ ይገለገሉበታል 48cm ቁመት ሲኖረው መቀመጫው 22cm28cm ስፋት ያለው ለመያዝና ለማስቀመጥ የሚመች ቅልጥፋ ያለ 1700 ብር AA Delivery 100 ብር ብቻ መኪና ማቆሚያ ከተቸገሩ ይደውሉልን እናቀብልዎታለን 0944222324 ordermertteka1 0904944848 ordermertteka2 ሞባይል ባንኪንግ እንጠቀማለን አድራሻችን መገናኛ ዘፍመሽ ግራንድ ሞል 3ኛ ፎቅ ከሊፍት ሲወርዱ ወደ ቀኝ ታጥፈው ቀጥታ 376 TikTok tiktokcommirtteka Telegram tmeMerttEka ለወዳጆችዎ forward ያድርጉ ቤተሰብም ይሁኑ።
MerttEka,2025-06-12 05:24:47+00:00,Bird Cage Humidifier TikTok tiktokcommirtteka Telegram tmeMerttEka Forward to your friends become family,Bird Cage Humidifier TikTok tiktokcommirtteka Telegram tmeMerttEka Forward to your friends become family
MerttEka,2025-06-12 05:22:16+00:00,Bird Cage Humidifier የቤት መዓዛ ማጨሻ ማራኪ ዲዛይን፣ የወፍ ጎጆ መሳይ በUSB ገመድ የሚሰራ፣ ባለ መብራት 280ml ውሃ የሚይዝ ቋት ሁለት አይነት ጉም የሚረጭ 1550 ብር AA Delivery 100 ብር ብቻ መኪና ማቆሚያ ከተቸገሩ ይደውሉልን እናቀብልዎታለን 0944222324 ordermertteka1 0904944848 ordermertteka2 ሞባይል ባንኪንግ እንጠቀማለን አድራሻችን መገናኛ ዘፍመሽ ግራንድ ሞል 3ኛ ፎቅ ከሊፍት ሲወርዱ ወደ ቀኝ ታጥፈው ቀጥታ 376 TikTok tiktokcommirtteka Telegram tmeMerttEka ለወዳጆችዎ forward ያድርጉ ቤተሰብም ይሁኑ።,Bird Cage Humidifier የቤት መዓዛ ማጨሻ ማራኪ ዲዛይን፣ የወፍ ጎጆ መሳይ በUSB ገመድ የሚሰራ፣ ባለ መብራት 280ml ውሃ የሚይዝ ቋት ሁለት አይነት ጉም የሚረጭ 1550 ብር AA Delivery 100 ብር ብቻ መኪና ማቆሚያ ከተቸገሩ ይደውሉልን እናቀብልዎታለን 0944222324 ordermertteka1 0904944848 ordermertteka2 ሞባይል ባንኪንግ እንጠቀማለን አድራሻችን መገናኛ ዘፍመሽ ግራንድ ሞል 3ኛ ፎቅ ከሊፍት ሲወርዱ ወደ ቀኝ ታጥፈው ቀጥታ 376 TikTok tiktokcommirtteka Telegram tmeMerttEka ለወዳጆችዎ forward ያድርጉ ቤተሰብም ይሁኑ።
MerttEka,2025-06-11 15:43:02+00:00,Nima Deep Oil Fraying Machine ኒማ ኦሪጅናሉ የችፕስ መጥበሻ እስከ 45 ሊትር ዘይት ይጠቀማል 2500 Watt ከማይዝግ ብረት የተሰራ ቺብስ አሳንቡሳ ብስኩት እና ሌሎች ምግቦችን ለማብሰል የሚፈለግ ለስራ ተመራጭ የሃይል መቆጣጠሪያ ያለው 4500 ብር AA Delivery 100 ብር ብቻ መኪና ማቆሚያ ከተቸገሩ ይደውሉልን እናቀብልዎታለን 0944222324 ordermertteka1 0904944848 ordermertteka2 ሞባይል ባንኪንግ እንጠቀማለን አድራሻችን መገናኛ ዘፍመሽ ግራንድ ሞል 3ኛ ፎቅ ከሊፍት ሲወርዱ ወደ ቀኝ ታጥፈው ቀጥታ 376 TikTok tiktokcommirtteka Telegram tmeMerttEka ለወዳጆችዎ forward ያድርጉ ቤተሰብም ይሁኑ።,Nima Deep Oil Fraying Machine ኒማ ኦሪጅናሉ የችፕስ መጥበሻ እስከ 45 ሊትር ዘይት ይጠቀማል 2500 Watt ከማይዝግ ብረት የተሰራ ቺብስ አሳንቡሳ ብስኩት እና ሌሎች ምግቦችን ለማብሰል የሚፈለግ ለስራ ተመራጭ የሃይል መቆጣጠሪያ ያለው 4500 ብር AA Delivery 100 ብር ብቻ መኪና ማቆሚያ ከተቸገሩ ይደውሉልን እናቀብልዎታለን 0944222324 ordermertteka1 0904944848 ordermertteka2 ሞባይል ባንኪንግ እንጠቀማለን አድራሻችን መገናኛ ዘፍመሽ ግራንድ ሞል 3ኛ ፎቅ ከሊፍት ሲወርዱ ወደ ቀኝ ታጥፈው ቀጥታ 376 TikTok tiktokcommirtteka Telegram tmeMerttEka ለወዳጆችዎ forward ያድርጉ ቤተሰብም ይሁኑ።
MerttEka,2025-06-11 12:31:58+00:00,Portable Shower Pump TikTok tiktokcommirtteka Telegram tmeMerttEka ለወዳጆችዎ forward ያድርጉ ቤተሰብም ይሁኑ።,Portable Shower Pump TikTok tiktokcommirtteka Telegram tmeMerttEka ለወዳጆችዎ forward ያድርጉ ቤተሰብም ይሁኑ።
MerttEka,2025-06-11 12:29:26+00:00,Portable Shower Pump በቻርጅ የሚሰራ የሻወር ፖንፕ ውሃ በሌለበት ቦታና ሰዓት ከባልዲዎ ውሃ ፖንፕ እያደረጉ ይታጠቡ ተንቀሳቃሽ የትኛውም ቦታ የሚጠቀሙበት የራሱ ማንጠልጠያ ስላለው ሻወር መውሰድ ምቹ 2500 ብር AA Delivery 100 ብር ብቻ መኪና ማቆሚያ ከተቸገሩ ይደውሉልን እናቀብልዎታለን 0944222324 ordermertteka1 0904944848 ordermertteka2 ሞባይል ባንኪንግ እንጠቀማለን አድራሻችን መገናኛ ዘፍመሽ ግራንድ ሞል 3ኛ ፎቅ ከሊፍት ሲወርዱ ወደ ቀኝ ታጥፈው ቀጥታ 376 TikTok tiktokcommirtteka Telegram tmeMerttEka ለወዳጆችዎ forward ያድርጉ ቤተሰብም ይሁኑ።,Portable Shower Pump በቻርጅ የሚሰራ የሻወር ፖንፕ ውሃ በሌለበት ቦታና ሰዓት ከባልዲዎ ውሃ ፖንፕ እያደረጉ ይታጠቡ ተንቀሳቃሽ የትኛውም ቦታ የሚጠቀሙበት የራሱ ማንጠልጠያ ስላለው ሻወር መውሰድ ምቹ 2500 ብር AA Delivery 100 ብር ብቻ መኪና ማቆሚያ ከተቸገሩ ይደውሉልን እናቀብልዎታለን 0944222324 ordermertteka1 0904944848 ordermertteka2 ሞባይል ባንኪንግ እንጠቀማለን አድራሻችን መገናኛ ዘፍመሽ ግራንድ ሞል 3ኛ ፎቅ ከሊፍት ሲወርዱ ወደ ቀኝ ታጥፈው ቀጥታ 376 TikTok tiktokcommirtteka Telegram tmeMerttEka ለወዳጆችዎ forward ያድርጉ ቤተሰብም ይሁኑ።
MerttEka,2025-06-11 04:53:10+00:00,Foldable Food Cover Mesh TikTok tiktokcommirtteka Telegram tmeMerttEka ለወዳጆችዎ forward ያድርጉ ቤተሰብም ይሁኑ።,Foldable Food Cover Mesh TikTok tiktokcommirtteka Telegram tmeMerttEka ለወዳጆችዎ forward ያድርጉ ቤተሰብም ይሁኑ።
MerttEka,2025-06-11 03:20:24+00:00,Foldable Food Cover Mesh ምግብ ቤት ውስጥ እና ከቤት ውጭ ሲያቀርቡ ዝንብ፣ በረሮና መሰል መራዥ ነፍሳቶች እንዳያርፉበት ለመከላከል የሚረዳ ተጣጣፊ የወንፊት ጥላ። 1100 ብር AA Delivery 100 ብር ብቻ መኪና ማቆሚያ ከተቸገሩ ይደውሉልን እናቀብልዎታለን 0944222324 ordermertteka1 0904944848 ordermertteka2 ሞባይል ባንኪንግ እንጠቀማለን አድራሻችን መገናኛ ዘፍመሽ ግራንድ ሞል 3ኛ ፎቅ ከሊፍት ሲወርዱ ወደ ቀኝ ታጥፈው ቀጥታ 376 TikTok tiktokcommirtteka Telegram tmeMerttEka ለወዳጆችዎ forward ያድርጉ ቤተሰብም ይሁኑ።,Foldable Food Cover Mesh ምግብ ቤት ውስጥ እና ከቤት ውጭ ሲያቀርቡ ዝንብ፣ በረሮና መሰል መራዥ ነፍሳቶች እንዳያርፉበት ለመከላከል የሚረዳ ተጣጣፊ የወንፊት ጥላ። 1100 ብር AA Delivery 100 ብር ብቻ መኪና ማቆሚያ ከተቸገሩ ይደውሉልን እናቀብልዎታለን 0944222324 ordermertteka1 0904944848 ordermertteka2 ሞባይል ባንኪንግ እንጠቀማለን አድራሻችን መገናኛ ዘፍመሽ ግራንድ ሞል 3ኛ ፎቅ ከሊፍት ሲወርዱ ወደ ቀኝ ታጥፈው ቀጥታ 376 TikTok tiktokcommirtteka Telegram tmeMerttEka ለወዳጆችዎ forward ያድርጉ ቤተሰብም ይሁኑ።
MerttEka,2025-06-10 05:39:45+00:00,Alebert Tea and Sausages Cup 100 quality and unique cup ለኖርማል ሻይ፣ ለእስፔሻል ሻይ፣ ለማኪያቶ፣ ለፍራፍሬዎች ሻይና ለዝንጅብል ሻይ ለማቅረብና ለመጠጣት የሚፈለግ አንጀት አርስ ስኒ እስከ 160ml ድረስ ፈሳሽ የሚይዝ የስኒ ማስቀመጫው እንደ ኬክ ማቅረቢያነትም ሊጠቀሙበት ይችላሉ። 12ቱን 4800 ብር 6ቱን 2400 ብር AA Delivery 100 ብር ብቻ መኪና ማቆሚያ ከተቸገሩ ይደውሉልን እናቀብልዎታለን 0944222324 ordermertteka1 0904944848 ordermertteka2 ሞባይል ባንኪንግ እንጠቀማለን አድራሻችን መገናኛ ዘፍመሽ ግራንድ ሞል 3ኛ ፎቅ ከሊፍት ሲወርዱ ወደ ቀኝ ታጥፈው ቀጥታ 376 TikTok tiktokcommirtteka Telegram tmeMerttEka ለወዳጆችዎ forward ያድርጉ ቤተሰብም ይሁኑ።,Alebert Tea and Sausages Cup 100 quality and unique cup ለኖርማል ሻይ፣ ለእስፔሻል ሻይ፣ ለማኪያቶ፣ ለፍራፍሬዎች ሻይና ለዝንጅብል ሻይ ለማቅረብና ለመጠጣት የሚፈለግ አንጀት አርስ ስኒ እስከ 160ml ድረስ ፈሳሽ የሚይዝ የስኒ ማስቀመጫው እንደ ኬክ ማቅረቢያነትም ሊጠቀሙበት ይችላሉ። 12ቱን 4800 ብር 6ቱን 2400 ብር AA Delivery 100 ብር ብቻ መኪና ማቆሚያ ከተቸገሩ ይደውሉልን እናቀብልዎታለን 0944222324 ordermertteka1 0904944848 ordermertteka2 ሞባይል ባንኪንግ እንጠቀማለን አድራሻችን መገናኛ ዘፍመሽ ግራንድ ሞል 3ኛ ፎቅ ከሊፍት ሲወርዱ ወደ ቀኝ ታጥፈው ቀጥታ 376 TikTok tiktokcommirtteka Telegram tmeMerttEka ለወዳጆችዎ forward ያድርጉ ቤተሰብም ይሁኑ።
MerttEka,2025-06-09 08:57:04+00:00,Porcelain 3 set Bowels ባለ 3 ሴት ከሴራሚክ የተሰሩ ጎድጓዳ ሳህዮች 100 orignal ለሰላጣና ፍራፍሬ እንዲሁም ወጣወጦችን ለማቅረብ የሚያኮራ በወርቃማና ሲሊቨር ቀለም አማራጭ የቀረበ 3ቱንም 3800 ብር AA Delivery 100 ብር ብቻ መኪና ማቆሚያ ከተቸገሩ ይደውሉልን እናቀብልዎታለን 0944222324 ordermertteka1 0904944848 ordermertteka2 ሞባይል ባንኪንግ እንጠቀማለን አድራሻችን መገናኛ ዘፍመሽ ግራንድ ሞል 3ኛ ፎቅ ከሊፍት ሲወርዱ ወደ ቀኝ ታጥፈው ቀጥታ 376 TikTok tiktokcommirtteka Telegram tmeMerttEka ለወዳጆችዎ forward ያድርጉ ቤተሰብም ይሁኑ።,Porcelain 3 set Bowels ባለ 3 ሴት ከሴራሚክ የተሰሩ ጎድጓዳ ሳህዮች 100 orignal ለሰላጣና ፍራፍሬ እንዲሁም ወጣወጦችን ለማቅረብ የሚያኮራ በወርቃማና ሲሊቨር ቀለም አማራጭ የቀረበ 3ቱንም 3800 ብር AA Delivery 100 ብር ብቻ መኪና ማቆሚያ ከተቸገሩ ይደውሉልን እናቀብልዎታለን 0944222324 ordermertteka1 0904944848 ordermertteka2 ሞባይል ባንኪንግ እንጠቀማለን አድራሻችን መገናኛ ዘፍመሽ ግራንድ ሞል 3ኛ ፎቅ ከሊፍት ሲወርዱ ወደ ቀኝ ታጥፈው ቀጥታ 376 TikTok tiktokcommirtteka Telegram tmeMerttEka ለወዳጆችዎ forward ያድርጉ ቤተሰብም ይሁኑ።
MerttEka,2025-06-09 07:32:38+00:00,Chef Basket 12 in 1 TikTok tiktokcommirtteka Telegram tmeMerttEka ለወዳጆችዎ forward ያድርጉ ቤተሰብም ይሁኑ።,Chef Basket 12 in 1 TikTok tiktokcommirtteka Telegram tmeMerttEka ለወዳጆችዎ forward ያድርጉ ቤተሰብም ይሁኑ።
MerttEka,2025-06-09 07:27:17+00:00,Chef Basket 12 in 1 አትክልት፣ ማኮረኒና መሰል ምግቦችን ለማብሰል የሚፈለግ 850 ብር AA Delivery 100 ብር ብቻ AA Delivery 100 ብር ብቻ መኪና ማቆሚያ ከተቸገሩ ይደውሉልን እናቀብልዎታለን 0944222324 ordermertteka1 0904944848 ordermertteka2 ሞባይል ባንኪንግ እንጠቀማለን አድራሻችን መገናኛ ዘፍመሽ ግራንድ ሞል 3ኛ ፎቅ ከሊፍት ሲወርዱ ወደ ቀኝ ታጥፈው ቀጥታ 376 TikTok tiktokcommirtteka Telegram tmeMerttEka ለወዳጆችዎ forward ያድርጉ ቤተሰብም ይሁኑ።,Chef Basket 12 in 1 አትክልት፣ ማኮረኒና መሰል ምግቦችን ለማብሰል የሚፈለግ 850 ብር AA Delivery 100 ብር ብቻ AA Delivery 100 ብር ብቻ መኪና ማቆሚያ ከተቸገሩ ይደውሉልን እናቀብልዎታለን 0944222324 ordermertteka1 0904944848 ordermertteka2 ሞባይል ባንኪንግ እንጠቀማለን አድራሻችን መገናኛ ዘፍመሽ ግራንድ ሞል 3ኛ ፎቅ ከሊፍት ሲወርዱ ወደ ቀኝ ታጥፈው ቀጥታ 376 TikTok tiktokcommirtteka Telegram tmeMerttEka ለወዳጆችዎ forward ያድርጉ ቤተሰብም ይሁኑ።
MerttEka,2025-06-08 15:44:17+00:00,Toilet Cleaning Silicon Brush የፅዳት ቡሩሽ የባኞ ቤት ዕቃዎችን ለማፅዳት የሚመረጥ የተደበቀ ቆሻሻን ለማፅዳት ምቹ ግድግዳ ላይ በራሱ የሚጣበቅ የራሱ ማስቀመጫ ያለው 750 ብር AA Delivery 100 ብር ብቻ መኪና ማቆሚያ ከተቸገሩ ይደውሉልን እናቀብልዎታለን 0944222324 ordermertteka1 0904944848 ordermertteka2 ሞባይል ባንኪንግ እንጠቀማለን አድራሻችን መገናኛ ዘፍመሽ ግራንድ ሞል 3ኛ ፎቅ ከሊፍት ሲወርዱ ወደ ቀኝ ታጥፈው ቀጥታ 376 TikTok tiktokcommirtteka Telegram tmeMerttEka ለወዳጆችዎ forward ያድርጉ ቤተሰብም ይሁኑ።,Toilet Cleaning Silicon Brush የፅዳት ቡሩሽ የባኞ ቤት ዕቃዎችን ለማፅዳት የሚመረጥ የተደበቀ ቆሻሻን ለማፅዳት ምቹ ግድግዳ ላይ በራሱ የሚጣበቅ የራሱ ማስቀመጫ ያለው 750 ብር AA Delivery 100 ብር ብቻ መኪና ማቆሚያ ከተቸገሩ ይደውሉልን እናቀብልዎታለን 0944222324 ordermertteka1 0904944848 ordermertteka2 ሞባይል ባንኪንግ እንጠቀማለን አድራሻችን መገናኛ ዘፍመሽ ግራንድ ሞል 3ኛ ፎቅ ከሊፍት ሲወርዱ ወደ ቀኝ ታጥፈው ቀጥታ 376 TikTok tiktokcommirtteka Telegram tmeMerttEka ለወዳጆችዎ forward ያድርጉ ቤተሰብም ይሁኑ።
MerttEka,2025-06-08 08:08:48+00:00,Liquid SoapDetergent Dispenser የወጥ ቤት ዕቃዎችን ለማጠብ የሚያስፈልግዎ ሳሙና ቆጣቢ፣ ድካምዎን የሚያቀል፣ የራሱ ማጠቢያ ስፖንጅ ያለው ማንኛውንም ስፖንጅ መጠቀም ይችላሉ 800 ብር AA Delivery 100 ብር ብቻ መኪና ማቆሚያ ከተቸገሩ ይደውሉልን እናቀብልዎታለን 0944222324 ordermertteka1 0904944848 ordermertteka2 ሞባይል ባንኪንግ እንጠቀማለን አድራሻችን መገናኛ ዘፍመሽ ግራንድ ሞል 3ኛ ፎቅ ከሊፍት ሲወርዱ ወደ ቀኝ ታጥፈው ቀጥታ 376 TikTok tiktokcommirtteka Telegram tmeMerttEka ለወዳጆችዎ forward ያድርጉ ቤተሰብም ይሁኑ።,Liquid SoapDetergent Dispenser የወጥ ቤት ዕቃዎችን ለማጠብ የሚያስፈልግዎ ሳሙና ቆጣቢ፣ ድካምዎን የሚያቀል፣ የራሱ ማጠቢያ ስፖንጅ ያለው ማንኛውንም ስፖንጅ መጠቀም ይችላሉ 800 ብር AA Delivery 100 ብር ብቻ መኪና ማቆሚያ ከተቸገሩ ይደውሉልን እናቀብልዎታለን 0944222324 ordermertteka1 0904944848 ordermertteka2 ሞባይል ባንኪንግ እንጠቀማለን አድራሻችን መገናኛ ዘፍመሽ ግራንድ ሞል 3ኛ ፎቅ ከሊፍት ሲወርዱ ወደ ቀኝ ታጥፈው ቀጥታ 376 TikTok tiktokcommirtteka Telegram tmeMerttEka ለወዳጆችዎ forward ያድርጉ ቤተሰብም ይሁኑ።
MerttEka,2025-06-06 15:18:25+00:00,TEA Glass የሻይየቡናየማኪያቶ መጠጫ ስኒዎች ማራኪ ስኒ ከማስቀመጫው ጋር 12ቱን 4400 ብር 6ቱን 2300 ብር AA Delivery 100 ብር ብቻ መኪና ማቆሚያ ከተቸገሩ ይደውሉልን እናቀብልዎታለን 0944222324 ordermertteka1 0904944848 ordermertteka2 ሞባይል ባንኪንግ እንጠቀማለን አድራሻችን መገናኛ ዘፍመሽ ግራንድ ሞል 3ኛ ፎቅ ከሊፍት ሲወርዱ ወደ ቀኝ ታጥፈው ቀጥታ 376 TikTok tiktokcommirtteka Telegram tmeMerttEka ለወዳጆችዎ forward ያድርጉ ቤተሰብም ይሁኑ።,TEA Glass የሻይየቡናየማኪያቶ መጠጫ ስኒዎች ማራኪ ስኒ ከማስቀመጫው ጋር 12ቱን 4400 ብር 6ቱን 2300 ብር AA Delivery 100 ብር ብቻ መኪና ማቆሚያ ከተቸገሩ ይደውሉልን እናቀብልዎታለን 0944222324 ordermertteka1 0904944848 ordermertteka2 ሞባይል ባንኪንግ እንጠቀማለን አድራሻችን መገናኛ ዘፍመሽ ግራንድ ሞል 3ኛ ፎቅ ከሊፍት ሲወርዱ ወደ ቀኝ ታጥፈው ቀጥታ 376 TikTok tiktokcommirtteka Telegram tmeMerttEka ለወዳጆችዎ forward ያድርጉ ቤተሰብም ይሁኑ።
MerttEka,2025-06-05 18:23:13+00:00,ለመላው የእስልምና ዕምነት ተከታይ ደንበኞቻችን እንኳን ለ 1446ተኛው ዓሒ የኢድ አል አደሃ አረፋ በዓል በሰላም አደረሳችሁ። ደስ ብሏችሁ በዓሉን ታሳልፉት ዘንድ ልባዊ ምኞታችን ነው,ለመላው የእስልምና ዕምነት ተከታይ ደንበኞቻችን እንኳን ለ 1446ተኛው ዓሒ የኢድ አል አደሃ አረፋ በዓል በሰላም አደረሳችሁ። ደስ ብሏችሁ በዓሉን ታሳልፉት ዘንድ ልባዊ ምኞታችን ነው
MerttEka,2025-06-05 12:58:39+00:00,VISTA MEAT AND VEGETABLE CHOPPER 6 ሊትር የሚፈጭ ባለ 4 ምላጭ 500watt ሃይል የሚጠቀም ስጋ፣ ጨጓራ፡ አትክልት በሚገርም ፍጥነት ብንንን አድርጎ ይፈጫል ፊውዝ ያለው ሆኖ ሞተሩ እንዳይሞቅ ፋን የተገጠመለት ፈፅሞ የማይዝግ ቋት 4600 ብር AA Delivery 100 ብር ብቻ መኪና ማቆሚያ ከተቸገሩ ይደውሉልን እናቀብልዎታለን 0944222324 ordermertteka1 0904944848 ordermertteka2 ሞባይል ባንኪንግ እንጠቀማለን አድራሻችን መገናኛ ዘፍመሽ ግራንድ ሞል 3ኛ ፎቅ ከሊፍት ሲወርዱ ወደ ቀኝ ታጥፈው ቀጥታ 376 TikTok tiktokcommirtteka Telegram tmeMerttEka ለወዳጆችዎ forward ያድርጉ ቤተሰብም ይሁኑ።,VISTA MEAT AND VEGETABLE CHOPPER 6 ሊትር የሚፈጭ ባለ 4 ምላጭ 500watt ሃይል የሚጠቀም ስጋ፣ ጨጓራ፡ አትክልት በሚገርም ፍጥነት ብንንን አድርጎ ይፈጫል ፊውዝ ያለው ሆኖ ሞተሩ እንዳይሞቅ ፋን የተገጠመለት ፈፅሞ የማይዝግ ቋት 4600 ብር AA Delivery 100 ብር ብቻ መኪና ማቆሚያ ከተቸገሩ ይደውሉልን እናቀብልዎታለን 0944222324 ordermertteka1 0904944848 ordermertteka2 ሞባይል ባንኪንግ እንጠቀማለን አድራሻችን መገናኛ ዘፍመሽ ግራንድ ሞል 3ኛ ፎቅ ከሊፍት ሲወርዱ ወደ ቀኝ ታጥፈው ቀጥታ 376 TikTok tiktokcommirtteka Telegram tmeMerttEka ለወዳጆችዎ forward ያድርጉ ቤተሰብም ይሁኑ።
MerttEka,2025-06-05 09:57:41+00:00,KEMEi Hair Straightener TikTok tiktokcommirtteka Telegram tmeMerttEka ለወዳጆችዎ forward ያድርጉ ቤተሰብም ይሁኑ።,KEMEi Hair Straightener TikTok tiktokcommirtteka Telegram tmeMerttEka ለወዳጆችዎ forward ያድርጉ ቤተሰብም ይሁኑ።
MerttEka,2025-06-05 09:08:26+00:00,KEMEi Hair Straightener የፀጉር መተኮሻ ፓይስትራ 25w የሚጠቀም ሴራሚክ ምጣድ ስለሆነ ፀጉር አያቃጥልም ማንኛውንም ፀጉር ያለስጋት ይተኩሱበታል በ30 ሴከንዶች ውስጥ ቶሎ የሚግል ገመዱ 160ሜትር ስለሚረዝም ዘና ብለው ፀጉርዎን ይተኩሳሉ origiinal እቃ 1650 ብር ብቻ AA Delivery 100 ብር ብቻ መኪና ማቆሚያ ከተቸገሩ ይደውሉልን እናቀብልዎታለን 0944222324 ordermertteka1 0904944848 ordermertteka2 ሞባይል ባንኪንግ እንጠቀማለን አድራሻችን መገናኛ ዘፍመሽ ግራንድ ሞል 3ኛ ፎቅ ከሊፍት ሲወርዱ ወደ ቀኝ ታጥፈው ቀጥታ 376 TikTok tiktokcommirtteka Telegram tmeMerttEka ለወዳጆችዎ forward ያድርጉ ቤተሰብም ይሁኑ።,KEMEi Hair Straightener የፀጉር መተኮሻ ፓይስትራ 25w የሚጠቀም ሴራሚክ ምጣድ ስለሆነ ፀጉር አያቃጥልም ማንኛውንም ፀጉር ያለስጋት ይተኩሱበታል በ30 ሴከንዶች ውስጥ ቶሎ የሚግል ገመዱ 160ሜትር ስለሚረዝም ዘና ብለው ፀጉርዎን ይተኩሳሉ origiinal እቃ 1650 ብር ብቻ AA Delivery 100 ብር ብቻ መኪና ማቆሚያ ከተቸገሩ ይደውሉልን እናቀብልዎታለን 0944222324 ordermertteka1 0904944848 ordermertteka2 ሞባይል ባንኪንግ እንጠቀማለን አድራሻችን መገናኛ ዘፍመሽ ግራንድ ሞል 3ኛ ፎቅ ከሊፍት ሲወርዱ ወደ ቀኝ ታጥፈው ቀጥታ 376 TikTok tiktokcommirtteka Telegram tmeMerttEka ለወዳጆችዎ forward ያድርጉ ቤተሰብም ይሁኑ።
MerttEka,2025-06-05 07:24:53+00:00,BARDEFU MULTI PURPOSE JUICER TikTok tiktokcommirtteka Telegram tmeMerttEka ለወዳጆችዎ forward ያድርጉ ቤተሰብም ይሁኑ።,BARDEFU MULTI PURPOSE JUICER TikTok tiktokcommirtteka Telegram tmeMerttEka ለወዳጆችዎ forward ያድርጉ ቤተሰብም ይሁኑ።
MerttEka,2025-06-05 07:22:03+00:00,BARDEFU MULTI PURPOSE JUICER 6 አገልግሎቶችን የሚሰጥ የጀርመኖች ብራንድ ገራሚ ጁሰር ጁስ ይፈጫል፣ ስጋ፣አትክልት፣ቡናና ጥራጥሬ በሚገርም ፍጥነት ይፈጫል፣ ብርቱካንና የሎሚ ጁስ ይሰራል፣ ካሮት ድንች እና መሰል ነገርችን ስላይስ ያደርጋል፡ እንቁላል ይቀላቅላል ይመታል 9500 watt ጉልበት ያለው የጁስ ጆጉ 3 ሊትር 8ቱም ምላጭ እና ጥርሳጥርሶቹ የብረት ለስራ እና ለቤት አገልግሎት የሚሆን 10500 ብር AA Delivery 100 ብር ብቻ መኪና ማቆሚያ ከተቸገሩ ይደውሉልን እናቀብልዎታለን 0944222324 ordermertteka1 0904944848 ordermertteka2 ሞባይል ባንኪንግ እንጠቀማለን አድራሻችን መገናኛ ዘፍመሽ ግራንድ ሞል 3ኛ ፎቅ ከሊፍት ሲወርዱ ወደ ቀኝ ታጥፈው ቀጥታ 376 TikTok tiktokcommirtteka Telegram tmeMerttEka ለወዳጆችዎ forward ያድርጉ ቤተሰብም ይሁኑ።,BARDEFU MULTI PURPOSE JUICER 6 አገልግሎቶችን የሚሰጥ የጀርመኖች ብራንድ ገራሚ ጁሰር ጁስ ይፈጫል፣ ስጋ፣አትክልት፣ቡናና ጥራጥሬ በሚገርም ፍጥነት ይፈጫል፣ ብርቱካንና የሎሚ ጁስ ይሰራል፣ ካሮት ድንች እና መሰል ነገርችን ስላይስ ያደርጋል፡ እንቁላል ይቀላቅላል ይመታል 9500 watt ጉልበት ያለው የጁስ ጆጉ 3 ሊትር 8ቱም ምላጭ እና ጥርሳጥርሶቹ የብረት ለስራ እና ለቤት አገልግሎት የሚሆን 10500 ብር AA Delivery 100 ብር ብቻ መኪና ማቆሚያ ከተቸገሩ ይደውሉልን እናቀብልዎታለን 0944222324 ordermertteka1 0904944848 ordermertteka2 ሞባይል ባንኪንግ እንጠቀማለን አድራሻችን መገናኛ ዘፍመሽ ግራንድ ሞል 3ኛ ፎቅ ከሊፍት ሲወርዱ ወደ ቀኝ ታጥፈው ቀጥታ 376 TikTok tiktokcommirtteka Telegram tmeMerttEka ለወዳጆችዎ forward ያድርጉ ቤተሰብም ይሁኑ።
